id;name;host_id;host_name;neighbourhood_group;neighbourhood;latitude;longitude;room_type;price;minimum_nights;number_of_reviews;last_review;reviews_per_month;calculated_host_listings_count;availability_365
18666;Flat with Sunny Terrace;71615;Mireia And Maria;Sant MartÌ;el Camp de l'Arpa del Clot;41.40889;2.18555;Entire home/apt;130;3;1;10/10/2015;0.02;31;251
18674;Huge flat for 8 people close to Sagrada Familia;71615;Mireia And Maria;Eixample;la Sagrada Familia;41.4042;2.17306;Entire home/apt;60;1;16;08/04/2019;0.21;31;52
21605;Nice and sunny duble room;82522;Meritxell;Sant MartÌ;el Poblenou;41.4056;2.19821;Private room;33;2;125;09/08/2019;3.05;2;3
23197;FORUM DELUXE 5 MINS WALK  CCIB CENTER & SEA!;90417;Etain (Marnie);Sant MartÌ;el Bes?s i el Maresme;41.41203;2.22114;Entire home/apt;210;3;49;09/10/2019;0.47;2;326
25786;NICE ROOM AVAILABLE IN THE HEART OF GRACIA;108310;Pedro;Gr?cia;la Vila de Gr?cia;41.40145;2.15645;Private room;45;1;254;09/10/2019;2.29;1;77
31377;Room for 2,  Sagrada Famili;134698;Svetlana;Horta-GuinardÛ;el Baix GuinardÛ;41.41097;2.1707;Private room;42;3;4;03/12/2018;0.08;3;220
31380;Room for 2-3. Barcelona, Sagrada Famili;134698;Svetlana;Horta-GuinardÛ;el Baix GuinardÛ;41.4109;2.17082;Private room;53;3;40;05/12/2019;0.77;3;235
31958;Gaudi Attic 1, Friendly Rentals;136853;Fidelio;Gr?cia;el Camp d'en Grassot i Gr?cia Nova;41.4095;2.15938;Entire home/apt;61;1;179;08/22/2019;1.71;43;298
32471;Gaudi Attic 2, Friendly Rentals;136853;Fidelio;Gr?cia;el Camp d'en Grassot i Gr?cia Nova;41.40928;2.16112;Entire home/apt;71;1;84;09/01/2019;0.79;43;309
32615;Sunny room, top floor with 2 terraces!;141199;Inge;Les Corts;les Corts;41.3872;2.14088;Private room;30;29;19;05/12/2014;0.17;1;91
32711;Sagrada Familia area - C??rsega 1;135703;Nick;Gr?cia;el Camp d'en Grassot i Gr?cia Nova;41.40464;2.16954;Entire home/apt;140;2;56;09/06/2019;0.56;13;335
34241;Private Double room - Plaza Real;73163;Andres;Ciutat Vella;el Barri G?tic;41.37916;2.17535;Private room;80;5;8;07/15/2013;0.07;2;261
34981;VIDRE HOME PLAZA REAL on LAS RAMBLAS;73163;Andres;Ciutat Vella;el Barri G?tic;41.37859;2.1773;Entire home/apt;250;4;140;08/25/2019;1.28;2;112
35379;Double 02 CasanovaRooms Barcelona;152232;Pablo;Eixample;l'Antiga Esquerra de l'Eixample;41.39036;2.15274;Private room;40;2;270;09/10/2019;2.95;4;307
35388;Single 01 CasanovaRooms Barcelona;152232;Pablo;Eixample;l'Antiga Esquerra de l'Eixample;41.39065;2.15196;Private room;30;2;223;09/11/2019;2.21;4;168
35390;Single 02 CasanovaRooms Barcelona;152232;Pablo;Eixample;l'Antiga Esquerra de l'Eixample;41.39153;2.15125;Private room;30;2;219;09/11/2019;2.45;4;317
35392;Double 01 CasanovaRooms Barcelona;152232;Pablo;Eixample;l'Antiga Esquerra de l'Eixample;41.39082;2.15078;Private room;45;2;192;09/14/2019;3.15;4;315
36763;In front of the beach;158596;Ester;Ciutat Vella;la Barceloneta;41.37906;2.19141;Private room;38;2;68;08/27/2019;0.7;1;354
40983;Classical loft close to pedrera!;177617;Joaquin;Eixample;la Dreta de l'Eixample;41.3956;2.16761;Entire home/apt;130;2;308;09/11/2019;3.06;3;303
46153;CHIC BORN APARTMENT GREAT LOCATION ! FREE WIFI;90417;Etain (Marnie);Ciutat Vella;Sant Pere, Santa Caterina i la Ribera;41.38776;2.17782;Entire home/apt;46;32;2;09/30/2018;0.02;2;168
49213;Descalzos en el parque, relaxing and  cool room;208154;Cate;Sants-Montju?c;el Poble Sec;41.37315;2.1664;Private room;35;3;46;08/30/2019;0.62;2;92
49968;Sagrada Familia area - C??rsega 2;135703;Nick;Gr?cia;el Camp d'en Grassot i Gr?cia Nova;41.40631;2.16945;Entire home/apt;140;2;39;09/02/2019;0.4;13;332
50066;Sagrada Familia area - Sardenya 1;135703;Nick;Eixample;el Fort Pienc;41.39821;2.17966;Entire home/apt;180;2;55;08/06/2019;0.55;13;267
58512;Stylish & cozy 3BR near Sagrada Familia;280070;Cristina;Sant MartÌ;el Camp de l'Arpa del Clot;41.41099;2.18119;Entire home/apt;106;5;372;08/27/2019;3.62;1;135
61444;Bright apartment - Rambla Catalunya (HUTB-005863);297545;Anil;Eixample;la Dreta de l'Eixample;41.38901;2.16552;Entire home/apt;105;2;45;08/29/2019;0.61;5;278
66037;Great apartment in  en el Born;323105;Amivelaz;Ciutat Vella;Sant Pere, Santa Caterina i la Ribera;41.38322;2.18234;Entire home/apt;190;3;110;08/26/2019;1.05;1;11
67065;Londres, Friendly Rentals;136853;Fidelio;Eixample;l'Antiga Esquerra de l'Eixample;41.39161;2.15089;Entire home/apt;77;1;78;08/07/2019;0.79;43;306
68547;two beds with private shower 30% off;340570;At??n;Ciutat Vella;el Barri G?tic;41.38072;2.17811;Private room;49;2;82;09/10/2019;0.8;1;353
70099;Room with a View, Bcn City Center;353987;Alex;Ciutat Vella;el Raval;41.37828;2.1708;Private room;49;2;346;09/11/2019;3.31;1;312
71520;Charming apartment with fantastic views!;366428;Ariadna;Gr?cia;Vallcarca i els Penitents;41.41837;2.13419;Entire home/apt;250;7;1;06/23/2011;0.01;1;363
71553;SPECIAL GAP PRICE,  NewYork times penthouse flat !;366654;Arian Watermelon Barcelona!;Eixample;el Fort Pienc;41.3974;2.17682;Entire home/apt;140;2;47;03/07/2019;0.46;2;337
71603;MODERNIST PENTHOUSE. 1bedroom apt with terrace;366654;Arian Watermelon Barcelona!;Eixample;la Dreta de l'Eixample;41.39038;2.17606;Entire home/apt;390;3;37;06/02/2019;0.35;2;354
72436;Lugaris Beach Business Apartment;375625;Xavier;Sant MartÌ;el Poblenou;41.39837;2.20623;Hotel room;1000;1;237;09/10/2019;3.83;5;352
73455;RAMBLAS ORCHID2 FAMILY APARTMENT;383697;Anna;Ciutat Vella;el Raval;41.38422;2.16701;Entire home/apt;153;2;103;08/31/2019;1.34;19;283
73683;Sagrada Familia area for 12 people;135703;Nick;Gr?cia;el Camp d'en Grassot i Gr?cia Nova;41.40506;2.17081;Entire home/apt;300;2;157;07/26/2019;1.56;13;322
73692;Rustic apartment : Rambla Catalunya (HUTB-005863);297545;Anil;Eixample;la Dreta de l'Eixample;41.39108;2.16521;Entire home/apt;105;2;36;05/12/2019;0.41;5;306
73693;Huge family apt with patio: Central (HUTB-005825);297545;Anil;Sants-Montju?c;el Poble Sec;41.37163;2.16591;Entire home/apt;65;2;40;08/18/2019;0.61;5;289
73700;Centrally located budget apartment (HUTB-005832);297545;Anil;Sants-Montju?c;el Poble Sec;41.37335;2.16165;Entire home/apt;65;2;74;09/08/2019;0.86;5;308
74562;Cute Suite near the MACBA;382031;Lisette;Ciutat Vella;el Raval;41.38255;2.16836;Private room;70;3;196;09/11/2019;1.89;1;348
75003;130. H?©rcules Peque?o 41;396363;Oscar And Diego;Eixample;la Sagrada Familia;41.40445;2.17765;Entire home/apt;166;2;11;08/14/2019;0.11;98;330
75411;Sagrada Familia Clot Patio;400154;Mireia;Sant MartÌ;el Clot;41.40825;2.18729;Entire home/apt;125;3;28;08/18/2019;0.3;5;279
80004;Parc Montjuic HUTB (Phone number hidden by Airbnb);431839;Xavier;Sants-Montju?c;el Poble Sec;41.37188;2.16656;Entire home/apt;107;4;124;09/09/2019;1.22;1;89
83283;‚?ÖPLAZA ¬©ATALU?ëA ¬Æoom x2 + private bath¬Æoom+wifi;700165;Wonderful Barcelona;Eixample;Sant Antoni;41.38227;2.16141;Private room;59;3;102;07/30/2019;1;4;76
89756;BCN-RENTALS RAMBLA 1, just 7-10 min to Ramblas;488117;David Y Maria;Ciutat Vella;el Raval;41.37815;2.16894;Entire home/apt;350;6;15;08/31/2018;0.18;6;283
89776;Modernist flat Downtown Casa Estap?© | Barcelona;488151;Calie;Eixample;el Fort Pienc;41.39377;2.1795;Entire home/apt;65;3;313;09/12/2019;3.27;1;252
95719;Lovely room to rent in El Gotico;509260;Dalila;Ciutat Vella;Sant Pere, Santa Caterina i la Ribera;41.3839;2.18011;Private room;53;2;224;09/15/2019;2.19;1;332
97529;CENTRAL  FURNISHED 1 ENSUITE BEDROOM APARTMENT;497450;Francesc;Gr?cia;el Camp d'en Grassot i Gr?cia Nova;41.40906;2.16539;Entire home/apt;40;60;64;08/23/2019;0.67;1;43
100256;BARCELONA CENTRO EN LA PLAYA ,WIFI;527201;Peca;Ciutat Vella;la Barceloneta;41.37983;2.19249;Entire home/apt;64;32;53;09/11/2019;0.6;1;359
104485;Best Location guarantee!;543801;Pinar;Eixample;l'Antiga Esquerra de l'Eixample;41.39119;2.15641;Private room;35;2;182;09/03/2019;1.85;1;329
107437;Beautiful Villa surrounded by nature  in Barcelona;556626;Cristina;Sarri?-Sant Gervasi;Vallvidrera, el Tibidabo i les Planes;41.42864;2.09159;Entire home/apt;148;3;49;08/29/2019;0.49;1;305
109462;026. Industria ?Åtico Apartment;396363;Oscar And Diego;Gr?cia;el Camp d'en Grassot i Gr?cia Nova;41.40264;2.16717;Entire home/apt;135;2;2;05/17/2019;0.31;98;323
110041;002. AliÛ 2 Apartment;396363;Oscar And Diego;Gr?cia;el Camp d'en Grassot i Gr?cia Nova;41.40244;2.16564;Entire home/apt;135;2;10;06/05/2019;0.11;98;316
110098;023. Gign?†s GÛtic Apartment;396363;Oscar And Diego;Ciutat Vella;el Barri G?tic;41.3805;2.17932;Entire home/apt;135;2;15;09/01/2019;0.15;98;299
112538;Design Flat in the very center 5.3;567180;Sandra;Eixample;la Sagrada Familia;41.40549;2.17368;Entire home/apt;200;4;79;06/23/2019;0.79;13;46
117010;Spacious Flat near Sagrada Familia;567180;Sandra;Eixample;la Sagrada Familia;41.40745;2.17401;Entire home/apt;220;2;35;11/21/2018;0.35;13;78
118228;Design Flat in the very center;567180;Sandra;Eixample;la Sagrada Familia;41.40593;2.17575;Entire home/apt;230;2;15;02/19/2017;0.15;13;38
119546;BCN HUGEROOM DTOWN PRIVATE BATHROOM.;603336;Kiko;Ciutat Vella;el Raval;41.37969;2.16532;Private room;80;3;304;09/14/2019;3;1;341
128463;Private Suite in residential area!!;635253;Sebastian;Sants-Montju?c;Sants;41.37242;2.13637;Private room;45;3;259;09/08/2019;2.65;1;279
130227;Spacious Room with Pool and Terrace;641496;Dolors;Sant MartÌ;Diagonal Mar i el Front MarÌtim del Poblenou;41.40646;2.21282;Private room;45;2;100;08/21/2019;1.52;1;292
135513;APARTMENT AT RAMBLA POBLE NOU AND BEACH;664196;Teresa;Sant MartÌ;el Poblenou;41.39841;2.20613;Entire home/apt;80;2;121;09/01/2019;1.25;1;343
136670;double Room -UPC, ESADE, BarÁa, Real Club Tennis;610674;Maria;Les Corts;Pedralbes;41.38846;2.12351;Private room;35;30;128;08/27/2019;1.32;5;233
138055;Design Flat in the Very Center;567180;Sandra;Eixample;la Sagrada Familia;41.40764;2.17573;Entire home/apt;250;3;90;09/11/2019;2.27;13;0
142121;You clean Barcelona Refuge 2 of 2;620454;Reinhard;Ciutat Vella;el Barri G?tic;41.38169;2.17553;Entire home/apt;45;31;27;09/20/2017;0.28;2;168
144471;‚?ÖBEST ZONE‚?ÖPL.CATALU?ëA ‚?ÖROOM X 2‚?ÖBATHROOM +WIFI;700165;Wonderful Barcelona;Eixample;Sant Antoni;41.38226;2.15898;Private room;59;3;35;04/29/2019;0.35;4;70
147275;1 Room INDIVIDUAL in Barcelona;711907;Antuan;Horta-GuinardÛ;el GuinardÛ;41.42318;2.17501;Private room;14;4;88;08/11/2019;1.66;1;289
153376;Single room. central and quite;737399;Omar;Ciutat Vella;Sant Pere, Santa Caterina i la Ribera;41.38792;2.17768;Private room;65;2;5;08/17/2019;1.42;1;0
154281;Nice bedroom in a Loft, El Raval;742068;R&M;Ciutat Vella;el Raval;41.37799;2.17281;Private room;50;3;268;09/05/2019;2.76;2;132
154437;Charming room  Diagonal wifi 100 Mb;474355;Annais;Eixample;l'Antiga Esquerra de l'Eixample;41.39106;2.1509;Private room;39;7;76;09/13/2019;0.77;1;146
158238;CENTRAL Wi Fi  w/TERRASSE 8 people;759411;Raquel;Les Corts;les Corts;41.38416;2.13636;Entire home/apt;180;2;116;08/10/2019;1.17;3;0
162091;Cosy Apartment in Sagrada Familia;567180;Sandra;Eixample;la Sagrada Familia;41.40532;2.17427;Entire home/apt;149;2;41;12/09/2018;0.45;13;0
163490;AMAZING COZY 2Bd, PLAZA CATALU?ëA!;713364;Horacio;Eixample;la Dreta de l'Eixample;41.39106;2.17662;Entire home/apt;160;3;153;09/13/2019;1.73;1;76
164456;Bedroom+pvt bathroom+pvt living;784341;Paola;Ciutat Vella;el Barri G?tic;41.38341;2.17257;Private room;70;5;97;07/07/2019;1.01;2;287
171646;Sagrada Familia Clot Atico;400154;Mireia;Sant MartÌ;el Clot;41.40696;2.18711;Entire home/apt;105;3;40;09/10/2019;0.52;5;301
171816;Sagrada Familia Clot Vista;400154;Mireia;Sant MartÌ;el Camp de l'Arpa del Clot;41.40828;2.18622;Entire home/apt;115;3;10;08/21/2019;0.13;5;302
174382;Design Flat in The Very Center;567180;Sandra;Eixample;la Sagrada Familia;41.40616;2.17423;Entire home/apt;149;2;10;08/25/2019;1.27;13;0
179488;Room for rent in BCN/ non smoker;859557;Montse;Sant Andreu;Sant Andreu;41.43351;2.19424;Private room;22;1;28;03/19/2019;0.68;2;143
179550;Room for rent in BCN/ non smoker;859557;Montse;Sant Andreu;Sant Andreu;41.43484;2.19234;Private room;20;10;6;12/01/2016;0.06;2;136
179619;Affordable Barcelona for you!;860071;Joan;Sants-Montju?c;Sants;41.37151;2.13607;Private room;27;3;50;09/28/2018;0.51;3;259
181824;Double bedroom with terrace + pool;852032;Brais;Sant MartÌ;ProvenÁals del Poblenou;41.40846;2.2042;Private room;49;2;265;08/26/2019;2.69;1;52
184516;lovely huge 30mq room with pvt bathroom;784341;Paola;Ciutat Vella;el Barri G?tic;41.38199;2.17357;Private room;80;3;47;07/17/2019;0.49;2;46
186540;Fully equipped loft near Sagrada Familia;896554;Josep Llu?≠s;Sant MartÌ;el Clot;41.41076;2.19078;Entire home/apt;34;32;10;05/08/2019;0.26;1;62
186542;Lovely and sunny double room in BCN;896372;Marina;Eixample;la Dreta de l'Eixample;41.39326;2.17386;Private room;33;2;49;06/20/2013;0.5;1;163
186598;Double room and cozy;896690;Mona;Ciutat Vella;el Raval;41.3818;2.16527;Private room;50;2;371;09/13/2019;3.82;1;295
190348;Apartment with large terrace;919480;Elisa;Les Corts;Pedralbes;41.39009;2.12588;Private room;46;7;1;06/09/2016;0.03;1;0
193923;Single room in the real Barcelona;939590;MÛnica;Horta-GuinardÛ;Horta;41.43846;2.1556;Private room;20;3;121;09/02/2019;1.24;1;302
194460;Double Private room with breakfast near the beach;944355;Luis Alberto;Sant MartÌ;el Bes?s i el Maresme;41.41431;2.21686;Private room;21;2;309;09/01/2019;3.24;1;257
196021;Old-time-charm apartment with patio!;953719;Maria;Eixample;l'Antiga Esquerra de l'Eixample;41.38796;2.15946;Entire home/apt;310;5;245;09/14/2019;2.52;3;291
196196;Large Flat next to Sagrada Familia;567180;Sandra;Eixample;la Sagrada Familia;41.40625;2.17512;Entire home/apt;220;30;88;04/28/2019;0.9;13;0
198958;STUNNING sea view + pool Barcelona!;971768;Akira;Sant MartÌ;Diagonal Mar i el Front MarÌtim del Poblenou;41.40735;2.21294;Entire home/apt;190;1;55;08/17/2019;0.61;15;66
199422;Modern apt near beach & city center;971768;Akira;Eixample;el Fort Pienc;41.3969;2.1823;Entire home/apt;75;1;69;09/05/2019;0.71;15;53
199794;Centric Double Room Private Bathroom - month  rent;440825;Teresa;Eixample;l'Antiga Esquerra de l'Eixample;41.38336;2.15853;Private room;35;1;87;08/24/2019;1.18;1;88
206122;Amazing Loft in BCN Center (B0132);1013855;Alejandro;Gr?cia;la Vila de Gr?cia;41.3984;2.15801;Entire home/apt;179;3;160;08/18/2019;1.69;7;311
206167;BRIGHT, COMFY AND CENTRAL;1014050;Minerva;Sants-Montju?c;el Poble Sec;41.37406;2.16524;Entire home/apt;120;3;87;09/12/2019;0.91;1;265
206846;Duplex studio near Picasso Museum;612665;Oscar;Ciutat Vella;Sant Pere, Santa Caterina i la Ribera;41.38743;2.17847;Entire home/apt;128;31;74;08/27/2019;0.8;8;203
209673;Sweet Apartment in Gr?cia district!;1033366;Elena;Gr?cia;la Vila de Gr?cia;41.39895;2.15742;Entire home/apt;77;2;240;09/08/2019;2.94;1;298
213296;Big/Centric Room-Palau de la Musica;1100014;Sol;Ciutat Vella;Sant Pere, Santa Caterina i la Ribera;41.38771;2.1763;Private room;40;3;276;08/08/2019;3.09;3;342
213368;Lovely room Barcelona up 2 people;1037730;Elisagela Cristina;Gr?cia;la Salut;41.413;2.159;Private room;55;2;48;07/25/2019;0.5;2;338
213581;Room Centric + Personal Dressing;1100014;Sol;Ciutat Vella;Sant Pere, Santa Caterina i la Ribera;41.38818;2.17571;Private room;32;3;231;08/27/2019;2.49;3;326
214970;Cozy Room in central flat Barcelona;1110014;Janeth;Sants-Montju?c;el Poble Sec;41.37171;2.16412;Private room;35;4;132;09/02/2019;1.49;1;317
216699;SUPER CENTRAL CUTE DOUBLE ROOM+TERRACE!;1118232;Fran;Ciutat Vella;Sant Pere, Santa Caterina i la Ribera;41.38484;2.17796;Private room;42;3;286;09/09/2019;3.05;1;21
218503;Single room next to Bogatell Beach / ?çïÈó¥,?óÅ???ÁöÑ?µ∑?ª©;1130143;Jan;Sant MartÌ;el Poblenou;41.39765;2.20739;Private room;30;3;51;09/02/2019;0.57;2;244
228638;Dble room in BCN with yoga shala;1190018;Maria Y Lucas;Gr?cia;Vallcarca i els Penitents;41.41153;2.14695;Private room;40;2;17;09/02/2019;0.19;1;48
232400;DESIGNER DUPLEX SPA & TERRACE;4369049;Ariadna;Gr?cia;la Vila de Gr?cia;41.39745;2.1549;Entire home/apt;95;3;271;09/01/2019;2.97;2;190
234375;ATTIC VIEWS SAGRADA FAMILIA;1227290;Francesca;Eixample;el Fort Pienc;41.39918;2.1752;Entire home/apt;105;10;33;08/25/2019;0.85;1;118
238703;Comfy Flat in Sagrada Familia;567180;Sandra;Eixample;la Sagrada Familia;41.40571;2.17505;Entire home/apt;149;2;62;08/13/2018;0.98;13;45
239492;CozyRoom&Garden Priv.Bathroom AC;1255733;Antonia;Sants-Montju?c;el Poble Sec;41.37026;2.16103;Private room;44;4;190;08/24/2019;2;2;54
239821;APARTAMENT BCN MIRALL, in the best neighborhood;1257705;JosÈ Luis;Sarri?-Sant Gervasi;Sant Gervasi - Galvany;41.39607;2.14534;Entire home/apt;142;1;26;08/09/2019;0.47;3;305
250016;Excellent - 3 bedrooms, 2 bathrooms - Gothic;1310304;Luis;Ciutat Vella;el Barri G?tic;41.38732;2.17367;Entire home/apt;65;45;2;05/17/2019;0.02;31;283
251424;NICE ROOMS FOR RENT IN BARCELONA;1318630;Olga;Eixample;la Dreta de l'Eixample;41.38957;2.1625;Private room;60;2;47;02/26/2019;0.73;4;255
252232;Nice apartment with POOL BARCELONA;1298586;Kristjan Y Ana;Sant MartÌ;Sant MartÌ de ProvenÁals;41.41531;2.20069;Entire home/apt;83;2;106;08/24/2019;1.15;6;86
255195;Lightly apartment with balcony to Las Ramblas;1310304;Luis;Ciutat Vella;el Raval;41.38151;2.17187;Entire home/apt;41;32;13;08/18/2019;0.14;31;276
256354;tranquila room in cosy flat....;1348378;Lidia;Gr?cia;Vallcarca i els Penitents;41.41446;2.13945;Private room;23;30;44;07/26/2019;0.48;2;219
256628;Cozy bedroom in a loft, el Raval.;742068;R&M;Ciutat Vella;el Raval;41.37654;2.17385;Private room;40;3;233;08/31/2019;2.49;2;112
256677;Barcelona Center!The Gothic Area;1350468;Petrutz;Ciutat Vella;el Barri G?tic;41.38065;2.17629;Private room;50;3;149;09/12/2019;1.67;1;339
256982;Centric spacious nostalgic Room;1352184;Jasmin;Ciutat Vella;Sant Pere, Santa Caterina i la Ribera;41.38406;2.17926;Private room;40;3;102;08/19/2019;1.14;1;291
261750;THEVINTAGERENTALS Delux 5 bedrooms Pg de Gracia;1369675;Javier;Gr?cia;la Vila de Gr?cia;41.39809;2.15839;Hotel room;350;3;12;07/21/2019;0.13;3;340
264125;Sagrada Familia 5' Metro WIFI fibre;1377744;Esther & Gemma;Sant MartÌ;el Camp de l'Arpa del Clot;41.41242;2.17624;Entire home/apt;89;4;223;08/29/2019;2.43;2;323
265491;Beach room amazing view in center;1392322;Kitty;Ciutat Vella;la Barceloneta;41.37707;2.18787;Private room;80;3;155;09/02/2019;1.76;1;66
267816;Luxury Motor Yacht in Barcelona Port Ol?≠mpic near Casino;1404293;Sergio;Ciutat Vella;el Barri G?tic;41.379;2.18327;Entire home/apt;900;2;21;05/20/2019;0.24;1;349
268017;Cosy apartment 3 bedrooms;1405013;Bcn Clols Apartments, S.L.;Eixample;la Dreta de l'Eixample;41.3939;2.17154;Entire home/apt;196;2;8;05/13/2019;0.09;16;304
268022;Charming 3 bedrooms apartment;1405013;Bcn Clols Apartments, S.L.;Eixample;la Dreta de l'Eixample;41.39288;2.16987;Entire home/apt;196;2;9;05/02/2019;0.27;16;312
268417;Cozy Room near the Center. 2 l?≠nes underg.Eixample;1406951;Salva;Eixample;la Nova Esquerra de l'Eixample;41.37687;2.14979;Private room;36;3;188;09/09/2019;2.6;1;214
269467;Sunny and quiet Loft next to Sagrada Familia;1411775;Jeremies;Eixample;la Sagrada Familia;41.40338;2.17685;Entire home/apt;110;7;49;09/13/2019;2.35;3;326
270050;Double Room in El vaixell de paper;1414100;Xavier;Ciutat Vella;Sant Pere, Santa Caterina i la Ribera;41.38466;2.18;Private room;48;1;415;08/30/2019;4.36;2;82
271996;GR Apartment near Sagrada Familia;155686;Sonia;Gr?cia;el Camp d'en Grassot i Gr?cia Nova;41.40279;2.16612;Entire home/apt;51;31;13;08/15/2018;0.14;2;209
272282;Exquisito apartamento con espacios abiertos y luz;1425070;Mar;Eixample;la Nova Esquerra de l'Eixample;41.38237;2.15769;Entire home/apt;290;3;275;09/05/2019;3.13;1;33
273229;Confortable and very well located;1429552;Marta;Eixample;Sant Antoni;41.37704;2.15782;Entire home/apt;72;7;126;08/27/2019;1.41;1;269
273932;Oriental Design apartment;1432835;Angel;Eixample;l'Antiga Esquerra de l'Eixample;41.39053;2.15794;Entire home/apt;100;3;157;08/29/2019;1.69;38;89
275336;Charming 3BR just off Gran Via;1435464;Jaume;Eixample;la Nova Esquerra de l'Eixample;41.38294;2.15728;Hotel room;130;3;92;09/03/2019;1.07;20;328
275346;Sunny terrace penthouse by Camp Nou Free Nespresso;1435464;Jaume;Sarri?-Sant Gervasi;Sarri?;41.3924;2.12314;Hotel room;215;3;39;06/24/2019;0.44;20;338
275350;Parsifal-Front Row Seat on La Rambla, Blend of Character and Modernity;1435464;Jaume;Ciutat Vella;el Raval;41.3796;2.17352;Entire home/apt;100;32;49;08/10/2019;0.73;20;274
275889;La Rambla Zen 1BR apt in Center;1435464;Jaume;Ciutat Vella;el Raval;41.38191;2.1714;Entire home/apt;72;32;9;10/20/2018;0.1;20;146
276324;COMFORTABLE IN GRACE APARTMENT ;1443815;Francisca;Gr?cia;la Vila de Gr?cia;41.40098;2.16085;Entire home/apt;106;5;52;08/29/2019;0.57;1;331
276527;Nice rustic apartament - Parc G¸ell;1444707;Jesus;Gr?cia;el Coll;41.42027;2.14873;Entire home/apt;60;2;320;09/05/2019;3.46;2;186
278036;Big Sunny Room - Paseo de Gracia;1451449;Pedro & Rita;Eixample;la Dreta de l'Eixample;41.3902;2.16674;Private room;45;5;162;08/16/2019;1.79;6;62
279439;Cozy room for 3 in city center (Room #1);1457147;Piero;Ciutat Vella;el Raval;41.37889;2.17314;Private room;50;2;138;08/23/2019;1.5;3;61
281978;Big Private Room - Paseo de Gracia;1451449;Pedro & Rita;Eixample;la Dreta de l'Eixample;41.39111;2.16677;Private room;45;5;115;09/02/2019;1.22;6;114
281985;Medium Sise Room - Paseo de Gracia;1451449;Pedro & Rita;Eixample;la Dreta de l'Eixample;41.39316;2.16559;Private room;30;5;149;08/19/2019;1.59;6;56
282679;Charming Penthouse,two amazing terraces;1354169;Valentin;Eixample;Sant Antoni;41.38034;2.15823;Entire home/apt;225;4;24;07/26/2019;0.28;3;320
283231;FANTASTIC20m2TerraceVIEW-@800m BEACH/BORN/GOTIC;1475411;Francesco;Ciutat Vella;Sant Pere, Santa Caterina i la Ribera;41.39121;2.18665;Entire home/apt;85;1;189;09/12/2019;2.04;1;256
286105;Room at Gran Via Barcelona Spain;1489008;Anne Li;Eixample;el Fort Pienc;41.40034;2.183;Private room;40;30;1;06/03/2014;0.02;1;259
288034;SEPTEMBER BARCELONA QUIET & WITH TERRACE NICE FLAT;1447144;Acomodis Apartments;Eixample;la Nova Esquerra de l'Eixample;41.38791;2.15064;Entire home/apt;80;3;16;07/14/2019;0.18;82;337
288781;Private terrace in Old town;1411775;Jeremies;Ciutat Vella;el Raval;41.37806;2.16472;Entire home/apt;47;32;0;;;3;268
289405;MAGIC ROOM IN G?íTIC *1! CENTRE!;1503151;Laia;Ciutat Vella;el Barri G?tic;41.38178;2.17463;Private room;33;32;5;08/14/2017;0.05;83;228
289600;MAGIC ROOM GOTIC * 2! CITY CENTRE!;1503151;Laia;Ciutat Vella;el Barri G?tic;41.38296;2.17411;Private room;33;32;1;06/30/2014;0.02;83;272
289616;MAGIC ROOM CITY CENTER! * G?íTIC 5!;1503151;Laia;Ciutat Vella;el Barri G?tic;41.38373;2.17412;Private room;29;32;2;02/22/2018;0.02;83;228
289761;MAGIC ROOM GOTIC * 6! CITY CENTRE!;1503151;Laia;Ciutat Vella;el Barri G?tic;41.38292;2.17422;Private room;27;32;0;;;83;228
290592;Views SagradaFamilia + metro + WIFI;1377744;Esther & Gemma;Eixample;la Sagrada Familia;41.41087;2.17644;Entire home/apt;69;4;223;08/30/2019;2.48;2;317
295200;Gaudi view¬¥s Attic with private terrace;612665;Oscar;Gr?cia;la Vila de Gr?cia;41.40771;2.15987;Entire home/apt;110;3;145;08/16/2019;1.56;8;208
296287;Nice room in Barcelona G??tic (3);1503151;Laia;Ciutat Vella;el Barri G?tic;41.38295;2.17484;Private room;24;32;10;09/07/2019;3.41;83;0
297066;3 rooms, 2 bathrooms in the touristic city centre;1541784;Aga;Sants-Montju?c;el Poble Sec;41.37336;2.16997;Entire home/apt;126;1;559;09/14/2019;6.08;1;315
302179;Cozy apartment in the city center;1432835;Angel;Eixample;l'Antiga Esquerra de l'Eixample;41.38817;2.15876;Entire home/apt;90;3;156;08/23/2019;1.79;38;69
305213;PLATANEROS - BRIGHT CENTRAL APT;1570247;Irene;Eixample;Sant Antoni;41.37669;2.16532;Entire home/apt;126;5;244;08/23/2019;2.77;1;115
308166;ARTIST HOUSE IN DOWNTOWN, GAUDI, LIGHT SUN;1561612;Carlos;Eixample;la Dreta de l'Eixample;41.39253;2.15888;Entire home/apt;135;3;166;09/13/2019;1.81;1;1
315769;Sagrada Familia vintage apartment;1994100;Marcello;Eixample;la Sagrada Familia;41.40577;2.17324;Entire home/apt;100;3;15;03/15/2019;0.16;3;292
318865;A penthouse two terraces in Gracia;1608447;Carla;Gr?cia;la Vila de Gr?cia;41.40048;2.158;Entire home/apt;139;3;200;09/09/2019;2.24;1;58
320506;The Loft Barcelona;1642180;The Loft;Sants-Montju?c;el Poble Sec;41.37186;2.16803;Entire home/apt;115;4;50;01/02/2019;0.54;1;304
322268;AMAZING LOCATION & SPACIOUS APART;1650460;Maria;Ciutat Vella;el Barri G?tic;41.37949;2.17725;Entire home/apt;60;32;88;08/02/2017;0.96;1;30
323854;Casa Sagrada Familia Bcn Doubleroom;1657312;Alberto;Eixample;la Sagrada Familia;41.40658;2.17549;Private room;30;1;21;07/29/2014;0.23;1;0
327133;Cozy Double Room - Paseo de Gracia;1451449;Pedro & Rita;Eixample;la Dreta de l'Eixample;41.39309;2.16738;Private room;28;6;167;08/13/2019;1.81;6;151
330248;GREAT  DOUBLE ROOM WI FI CASANOVA;880805;Miguel;Eixample;Sant Antoni;41.38296;2.16275;Private room;50;2;12;06/04/2019;0.13;1;341
330723;SUNNY ROOM WITH BALCONY;1687383;Juanmi;Ciutat Vella;el Raval;41.37729;2.17225;Private room;30;14;56;06/18/2019;0.64;2;309
330766;Urquinaona Charming and Centric;1687524;Virginia;Eixample;la Dreta de l'Eixample;41.39074;2.17306;Entire home/apt;120;5;170;07/06/2019;1.89;1;45
330957;Central 3 bedroom beautiful APT;893805;Phil And Fiona;Eixample;la Dreta de l'Eixample;41.39831;2.17174;Entire home/apt;111;2;400;09/15/2019;4.36;7;333
331026;Small basic room in a nice apt;440881;Lee;Eixample;Sant Antoni;41.3785;2.16132;Private room;27;4;169;09/13/2019;1.87;1;315
333190;Room,  Bikes and views!  SGL-DBL;1697782;JÛse;Eixample;el Fort Pienc;41.4012;2.18139;Private room;18;3;203;09/06/2019;2.3;3;10
337755;SEALONA VILA OLIMPICA BEACH;1716315;Marc;Sant MartÌ;la Vila OlÌmpica del Poblenou;41.39181;2.19263;Entire home/apt;95;3;3;03/13/2017;0.05;7;0
342641;Apartment in villa with garden&pool;1738696;Estela;Sarri?-Sant Gervasi;Vallvidrera, el Tibidabo i les Planes;41.42882;2.10123;Entire home/apt;90;2;69;08/21/2019;0.95;1;326
343622;Spacious loft nearby pl. Espa?a ;1743695;Michel;Sants-Montju?c;Hostafrancs;41.3765;2.14385;Entire home/apt;115;5;100;09/12/2019;1.81;1;343
343859;LOVELY 2 BD WIFI GRACIA;1744516;Silvia & Lu?≠s;Gr?cia;la Vila de Gr?cia;41.40004;2.16318;Entire home/apt;137;3;10;07/27/2019;0.16;21;345
343861;1BD FLAT WITH WIFI & AC IN GRACIA;1744516;Silvia & Lu?≠s;Gr?cia;la Vila de Gr?cia;41.40219;2.16311;Entire home/apt;95;3;15;05/20/2019;0.29;21;333
343864;3 BD APT IN THE HEART OF GRACIA;1744516;Silvia & Lu?≠s;Gr?cia;la Vila de Gr?cia;41.40656;2.15732;Entire home/apt;139;3;11;08/04/2019;0.17;21;331
343866;COSY 2BD + 2 BATH + 2 KITCHEN IN GRACIA VIRREINA;1744516;Silvia & Lu?≠s;Gr?cia;la Vila de Gr?cia;41.40545;2.15719;Entire home/apt;89;3;30;05/27/2019;0.38;21;266
346018;Room in a flat with Barcelona best view!;1753990;Filippo;Sant MartÌ;el Parc i la Llacuna del Poblenou;41.39196;2.18784;Private room;70;2;16;08/21/2019;0.18;1;351
351395;Charming Garden House Apt 3BR Apt;1435464;Jaume;Eixample;el Fort Pienc;41.39362;2.18183;Hotel room;125;3;33;08/14/2019;0.43;20;351
352772;Elegant Centric Attic WIFI Car Park;1786501;Fidel;Eixample;la Nova Esquerra de l'Eixample;41.38084;2.15047;Entire home/apt;145;2;95;08/28/2019;1.41;1;313
353640;Great Apartment in Heart of Born;1791076;Marta;Ciutat Vella;el Barri G?tic;41.38109;2.17855;Entire home/apt;110;2;119;08/29/2019;1.81;2;239
357576;"Authentic Vintage Home ¬®El patio de Gr?cia""";1809535;Silvia;Gr?cia;la Vila de Gr?cia;41.39994;2.15211;Entire home/apt;120;1;173;09/15/2019;1.97;2;237
357958;Private terrace and bathroom & WiFi;1809119;Katja;Eixample;l'Antiga Esquerra de l'Eixample;41.38736;2.15547;Private room;65;1;130;09/14/2019;1.63;1;237
359277;HABITACION CON BALCON EN RAMBLAS 2;1818044;Ricardo;Ciutat Vella;el Barri G?tic;41.37769;2.17762;Private room;40;2;144;09/16/2019;1.58;3;218
359841;BacRou, design loft near the sea;1820272;Rosa;Sant MartÌ;el Poblenou;41.40331;2.20929;Entire home/apt;60;2;312;09/14/2019;3.53;6;0
363601;stylish flat in barcelona center;1837053;Ayal;Ciutat Vella;el Raval;41.37781;2.17345;Entire home/apt;60;32;26;08/23/2018;0.3;2;170
363739;small single/double room close to Plaza de Espa?a;1837622;Idoya;Sants-Montju?c;la Bordeta;41.36961;2.13847;Private room;25;2;46;09/09/2019;0.58;1;93
364030;Amazing views, centric apt w/terrac;1839136;Mires;Eixample;Sant Antoni;41.3756;2.16127;Entire home/apt;175;3;263;08/25/2019;2.87;1;0
365911;Low-priced,Super Reviewed Apartment;1260560;Ralph;Eixample;la Nova Esquerra de l'Eixample;41.37977;2.15495;Entire home/apt;119;3;66;08/30/2019;0.76;4;316
370665;vig HAPPY APARTMENT IN EL BORN;1447144;Acomodis Apartments;Ciutat Vella;Sant Pere, Santa Caterina i la Ribera;41.38458;2.18118;Entire home/apt;90;32;0;;;82;336
374491;ROOM WITH A BALCONY IN RAMBLAS 1;1818044;Ricardo;Ciutat Vella;el Barri G?tic;41.37822;2.17798;Private room;40;2;132;08/26/2019;1.46;3;233
374561;HABITACION BA?ëO PRIVADO EN RAMBLAS;1818044;Ricardo;Ciutat Vella;el Barri G?tic;41.37744;2.17776;Private room;55;2;126;09/06/2019;1.41;3;235
377161;Rustic apartment Parc Guell II;1444707;Jesus;Gr?cia;el Coll;41.41895;2.14928;Entire home/apt;60;2;329;09/16/2019;3.65;2;182
378998;PRECIOSA Y ACOGEDORA HABITACI?ìN ;1903257;Flor;Nou Barris;Vilapicina i la Torre Llobeta;41.42618;2.17423;Private room;20;1;0;;;1;0
379868;INCREDIBLE VIEW front Sagrada Familia+PRIV.BALCONY;1906952;Khris;Eixample;la Sagrada Familia;41.40642;2.17093;Private room;56;2;290;09/12/2019;3.27;2;75
380421;Double room with a balcony;1414100;Xavier;Ciutat Vella;Sant Pere, Santa Caterina i la Ribera;41.38437;2.18;Private room;48;1;394;08/28/2019;4.33;2;86
380903;Bailen II - terrace in the Eixample;1725307;Barcelona;Eixample;la Dreta de l'Eixample;41.39656;2.17366;Entire home/apt;53;30;9;07/31/2019;0.1;1;295
382000;Homely Apartment in Sagrada Fam?≠lia - 4 bedrooms;1915191;Montserrat;Gr?cia;el Camp d'en Grassot i Gr?cia Nova;41.407;2.16823;Entire home/apt;110;4;180;08/19/2019;2.02;1;304
384063;nap2 HAPPY & QUIET 3 BEDROOM & 2 BATHROOMS FLAT;1447144;Acomodis Apartments;Eixample;la Dreta de l'Eixample;41.39606;2.17605;Entire home/apt;130;1;9;08/18/2019;0.1;82;365
384155;Barcelona Center Beach Top Design;1751133;The Punset Family;Ciutat Vella;Sant Pere, Santa Caterina i la Ribera;41.38333;2.18125;Entire home/apt;64;32;69;04/30/2019;0.78;1;341
384464;Paseo de Gracia / Plaza Catalunya;674212;Juanmi;Eixample;la Dreta de l'Eixample;41.38855;2.16942;Entire home/apt;160;2;73;08/24/2019;0.81;8;192
384867;A PERFECT DOUBLE ROOM  BCN CENTER;1926968;Monica;Eixample;l'Antiga Esquerra de l'Eixample;41.38777;2.16252;Private room;20;2;233;08/15/2019;2.63;2;119
385049;MIRADOR 3 Bedroom Apartment Port Vell;3775349;Mafe;Ciutat Vella;Sant Pere, Santa Caterina i la Ribera;41.38179;2.18179;Entire home/apt;172;2;191;09/15/2019;2.1;29;239
393717;Cosy apartment near Las Ramblas;1968590;Manel;Ciutat Vella;el Raval;41.37888;2.16744;Entire home/apt;83;2;292;09/02/2019;3.3;2;312
394692;A PERFECT ROOM FOR RENT CENTER BCN;1926968;Monica;Eixample;l'Antiga Esquerra de l'Eixample;41.38784;2.16119;Private room;30;2;308;08/25/2019;3.45;2;104
401481;Centric Apartment in Barcelona;2004002;Xabier;Eixample;la Dreta de l'Eixample;41.39186;2.1724;Private room;45;2;365;09/15/2019;4.03;2;163
402633;BARCELONA CITY CENTRE CHARM;2009370;E.;Sants-Montju?c;el Poble Sec;41.37424;2.17044;Entire home/apt;250;3;196;08/05/2019;2.74;4;140
402657;Central, Sunny & Charming + Wifi;1117598;Amanda & Karl;Sants-Montju?c;el Poble Sec;41.3736;2.15934;Entire home/apt;95;3;226;08/28/2019;2.62;1;119
408127;Petite chambre confortable;2032512;Magali;Eixample;Sant Antoni;41.37578;2.16537;Private room;25;3;8;09/12/2019;0.22;1;0
408599;Charming 3bedroom flat with balcony;2034854;Roger;Sants-Montju?c;el Poble Sec;41.3745;2.1583;Entire home/apt;75;1;312;08/26/2019;3.45;1;320
410159;Barcelona Center 7 people Apartment;2041901;Dani;Eixample;el Fort Pienc;41.39947;2.17581;Entire home/apt;125;3;95;08/18/2019;1.06;16;347
412649;Cozy flat by the Magic Fountain;542867;Gabriela & Miguel;Sants-Montju?c;la Font de la Guatlla;41.37112;2.14866;Entire home/apt;67;2;167;08/28/2019;1.86;2;297
414786;Centric Double Room-Paseo de Gracia;1451449;Pedro & Rita;Eixample;la Dreta de l'Eixample;41.39154;2.16766;Private room;28;5;154;08/27/2019;1.7;6;56
415848;2 bedroom Cozy Space close to the beach w/ AC;865887;Tim;Eixample;la Nova Esquerra de l'Eixample;41.38323;2.14396;Entire home/apt;195;3;57;01/03/2019;0.64;2;290
416704;LARGE DOUBLE ROOM, WIFI, CENTER BCN;1984642;Luciana;Eixample;el Fort Pienc;41.40002;2.18135;Private room;50;2;25;06/23/2019;0.28;1;353
417239;2 DOUBLES BEDROOMS FLAT IN GRACIA;2074943;Kris;Gr?cia;la Vila de Gr?cia;41.40228;2.15742;Entire home/apt;97;30;93;05/22/2019;1.21;1;340
417814;Amplia HabitaciÛn con privacidad;2072631;Camila Y Hortensia;Eixample;la Sagrada Familia;41.40781;2.17521;Private room;33;2;50;08/17/2019;1.02;2;171
424137;Spacious apartment just by Las Ramblas;2108468;Carlotta;Ciutat Vella;el Raval;41.37949;2.17429;Hotel room;200;1;18;07/27/2018;0.23;11;0
425639;House with garden;2116153;Victor/Paula;Sarri?-Sant Gervasi;el Putxet i el FarrÛ;41.40725;2.14678;Entire home/apt;400;5;50;08/30/2019;0.78;1;351
430585;Beautiful apartment in the heart of the Gothic;2108468;Carlotta;Ciutat Vella;el Raval;41.37841;2.17479;Hotel room;200;2;15;08/09/2018;0.19;11;124
431331;NEW APARTMENT IN GRACIA NEIGBOURHOO;400416;Cens Sl;Gr?cia;la Vila de Gr?cia;41.40098;2.15514;Entire home/apt;48;32;10;11/02/2017;0.2;7;276
432482;PENTHOUSE PANORAMIC VIEW;898600;Andre;Eixample;la Dreta de l'Eixample;41.39288;2.16313;Entire home/apt;180;2;204;09/15/2019;2.32;2;317
437886;Centric Apartment in Barcelona 2;2004002;Xabier;Eixample;la Dreta de l'Eixample;41.3912;2.17238;Private room;38;2;246;07/27/2019;2.76;2;65
438102;Nice quiet room close to S. Familia;2176121;Rosa Mar?≠a;Eixample;el Fort Pienc;41.39776;2.18173;Private room;45;3;115;08/09/2019;1.29;2;291
438123;Twin for 4-5 Barcelona, Sagrada Familia.;134698;Svetlana;Horta-GuinardÛ;el Baix GuinardÛ;41.40947;2.16947;Private room;70;2;51;09/04/2019;1.01;3;226
439057;Paseo de Gracia - Diagonal, 120 m2;2181314;Javier;Gr?cia;la Vila de Gr?cia;41.40047;2.15907;Entire home/apt;126;2;237;09/09/2019;2.69;1;315
440427;Just Next to Sagrada Familia!!!;2041901;Dani;Eixample;la Sagrada Familia;41.40254;2.17689;Entire home/apt;120;3;83;08/27/2019;0.99;16;322
440840;Cozy room for 3 in city center (Room #2);1457147;Piero;Ciutat Vella;el Raval;41.38012;2.17106;Private room;50;2;103;08/25/2019;1.18;3;54
440841;Cozy room for 2 in city center (Room #3);1457147;Piero;Ciutat Vella;el Raval;41.37855;2.17109;Private room;50;2;81;08/16/2019;1.09;3;49
443110;New apartment center BCN ;2201772;Dimitry;Eixample;l'Antiga Esquerra de l'Eixample;41.38851;2.15273;Entire home/apt;250;4;39;06/03/2019;0.44;11;359
443222;2-bedroom Bright and Classic Sagrada Familia Flat;2202284;Johanna;Eixample;la Sagrada Familia;41.41032;2.17524;Entire home/apt;129;3;87;09/09/2019;0.99;8;84
443909;BARCELONA GOTICO ,great location;2204578;Francesca;Ciutat Vella;el Barri G?tic;41.37917;2.17711;Private room;60;4;292;09/13/2019;3.42;1;118
446665;Double and Lovely room in Barcelona.;2218343;Elvira;Sants-Montju?c;la Marina de Port;41.36758;2.13968;Private room;34;1;50;09/11/2019;0.63;2;3
449854;Center location. Magic terrace. 360¬? views;1267680;Victor;Ciutat Vella;Sant Pere, Santa Caterina i la Ribera;41.38807;2.17922;Entire home/apt;120;3;111;09/09/2019;1.25;5;287
451758;Bright, elegant loft in center town;1267680;Victor;Ciutat Vella;el Raval;41.38201;2.16618;Entire home/apt;100;3;109;09/10/2019;1.23;5;127
456333;DOUBLE ROOM with WIFI;2268672;Bruna;Eixample;la Dreta de l'Eixample;41.39731;2.17468;Private room;28;1;43;11/01/2017;0.49;1;0
457195;Cozy apartment with 3 bedrooms;1405013;Bcn Clols Apartments, S.L.;Eixample;la Dreta de l'Eixample;41.39413;2.17014;Entire home/apt;224;2;8;09/10/2019;0.23;16;331
459502;Cozzy bedroom next to plz catalunya;2242469;Juan;Eixample;Sant Antoni;41.38191;2.16332;Private room;50;2;23;09/16/2019;0.36;1;324
462012;Separate studio with its own garden;2296262;Nona;Sarri?-Sant Gervasi;Vallvidrera, el Tibidabo i les Planes;41.41385;2.11029;Private room;32;2;21;06/28/2018;0.24;1;299
462062;CLOSE TO LA FIRA PL ESPA?ëA /INCL BRKFAST;16569867;Lola;Eixample;la Nova Esquerra de l'Eixample;41.37973;2.15158;Hotel room;37;3;104;08/21/2019;1.68;1;0
462557;Large room and light. balcony (red);2298462;Juan Carlos;Eixample;Sant Antoni;41.38465;2.16216;Private room;33;2;67;08/18/2019;0.78;1;45
463880;On the beach - Poblenou;2304846;Ninona;Sant MartÌ;el Poblenou;41.39898;2.20756;Entire home/apt;90;2;127;09/01/2019;1.48;3;294
468639;Big room with exit to sunny terrace;2325968;Sikerult;Sants-Montju?c;Sants - Badal;41.37384;2.12811;Private room;36;7;125;07/09/2019;1.43;2;14
468912;lovely double bedroom in barcelona;1923383;Kenneth;Gr?cia;la Vila de Gr?cia;41.39669;2.15623;Private room;35;2;80;09/12/2019;2.87;1;284
469177;Cozy apartment in Paralel for 8;1432835;Angel;Eixample;Sant Antoni;41.37542;2.15904;Entire home/apt;90;3;170;08/26/2019;1.96;38;20
472062;close to Paseo de Gracia.;2337603;Rosa;Gr?cia;la Vila de Gr?cia;41.39852;2.16159;Entire home/apt;175;3;33;08/26/2019;0.74;5;290
473395;Walking distance to Paseo de Gracia;2337603;Rosa;Sarri?-Sant Gervasi;Sant Gervasi - Galvany;41.3998;2.15177;Entire home/apt;180;4;46;07/18/2019;0.83;5;135
473459;GALA - Between Gracia and Sant Gervasi;2337603;Rosa;Gr?cia;la Vila de Gr?cia;41.39902;2.15274;Entire home/apt;200;4;20;06/03/2019;0.47;5;43
474669;Confort Apartment 2 Bedrooms WIFI;2353086;Oscar;Sants-Montju?c;Sants - Badal;41.37878;2.12902;Entire home/apt;105;3;53;08/04/2019;0.61;1;318
475771;I rent apartment in Barcelona;1348524;Tom??s Becket;Gr?cia;el Camp d'en Grassot i Gr?cia Nova;41.40729;2.1629;Entire home/apt;35;35;6;08/27/2019;0.07;2;80
475786;Room to rent in beautiful apartment;2358821;Anna Micaela;Gr?cia;Vallcarca i els Penitents;41.41101;2.1465;Private room;75;7;0;;;1;365
477256;lightful apartment in poblenou';2365702;David;Sant MartÌ;el Parc i la Llacuna del Poblenou;41.40065;2.19487;Private room;15;4;187;07/24/2019;2.11;2;348
478173;Penthouse in Barcelona, Sun terrace;1724144;Promociones Andreo SL;Sants-Montju?c;la Bordeta;41.37228;2.1423;Entire home/apt;137;3;48;08/18/2019;0.54;1;318
478951;Sagrada Familia area - Sicilia;135703;Nick;Eixample;el Fort Pienc;41.39898;2.17692;Entire home/apt;180;2;83;08/25/2019;0.95;13;329
480975;Loft con gran terraza bcn centro;2272146;Javi;Sants-Montju?c;el Poble Sec;41.37205;2.16569;Private room;50;1;0;;;1;0
481739;The Gaudi Suites II;2320210;Jaireh & Patrick;Eixample;la Dreta de l'Eixample;41.39634;2.16651;Entire home/apt;103;3;11;06/15/2019;0.3;53;136
482801;DOUBLE ROOM BARCELONA SANTS STATION;2143907;Daniel;Les Corts;la Maternitat i Sant Ramon;41.37953;2.12676;Private room;30;30;28;07/24/2019;0.32;3;0
484390;MONTHLY COZY SUNNY - SAGRADA FAM.;2397234;Alicia;Eixample;la Sagrada Familia;41.40227;2.17517;Entire home/apt;25;32;88;04/26/2019;0.99;3;91
485011;A Super unique/charming/hip room!;2400841;Skye;Eixample;la Dreta de l'Eixample;41.3914;2.17889;Private room;58;2;88;08/24/2019;1.1;2;0
487233;BOHEMIAN PENTHOUSE DUPLEX + 2 BIKES;2411278;Anna & Marcos;Sants-Montju?c;el Poble Sec;41.37059;2.16522;Entire home/apt;160;4;201;09/13/2019;2.33;5;137
488341;Single bedroom in the middle of BCN¬¥;9535595;Adrian;Ciutat Vella;el Barri G?tic;41.37931;2.17608;Private room;30;3;258;09/12/2019;2.9;1;327
490517;The Sagrada Penthouse;2320210;Jaireh & Patrick;Gr?cia;el Camp d'en Grassot i Gr?cia Nova;41.40555;2.16905;Entire home/apt;130;3;20;08/11/2019;0.51;53;177
490742;Big sunny room with terrace;2325968;Sikerult;Sants-Montju?c;Sants - Badal;41.37422;2.12847;Private room;33;7;35;08/28/2019;1.48;2;4
490803;Plaza Sagrada Familia apartmen(1-6);2320210;Jaireh & Patrick;Eixample;la Sagrada Familia;41.40288;2.17184;Entire home/apt;122;3;50;08/05/2019;0.77;53;83
490853;Private Balcony in Sagrada Familia;2426746;Joel Giraldo;Eixample;la Sagrada Familia;41.40473;2.17395;Private room;19;1;454;08/26/2019;5.11;4;319
492963;Habitaciones de matrimonio  con balcon!;2436080;Angela;Horta-GuinardÛ;el GuinardÛ;41.4169;2.17411;Private room;30;1;6;06/01/2019;0.98;1;0
493122;lightful apartment in poblenou;2365702;David;Sant MartÌ;el Parc i la Llacuna del Poblenou;41.40018;2.19436;Private room;14;3;182;08/13/2019;2.05;2;349
494834;Sant Pau Barcelona Suites;2320210;Jaireh & Patrick;Horta-GuinardÛ;el Baix GuinardÛ;41.41029;2.17108;Entire home/apt;83;3;21;06/29/2019;0.53;53;103
496997;Lovely & Elegant Apartment in Eixample 1-2;1432835;Angel;Eixample;l'Antiga Esquerra de l'Eixample;41.38793;2.15853;Entire home/apt;140;3;199;08/27/2019;2.26;38;56
497545;Delightful & Elegant close to Paseo de Gracia;1432835;Angel;Eixample;l'Antiga Esquerra de l'Eixample;41.38915;2.1578;Entire home/apt;130;3;150;08/28/2019;1.71;38;51
498416;Comfy & central, large shared terrace, Gothic;1310304;Luis;Ciutat Vella;el Raval;41.38196;2.17187;Entire home/apt;39;32;9;08/21/2019;0.1;31;291
498632;Prime location. Barcelona Apartment;71615;Mireia And Maria;Eixample;l'Antiga Esquerra de l'Eixample;41.38544;2.15894;Entire home/apt;65;1;56;09/01/2019;0.87;31;67
502436;FANTASTIC RAMBLAS;2262273;Rosa;Ciutat Vella;el Barri G?tic;41.37994;2.17728;Entire home/apt;140;33;3;08/28/2014;0.03;16;365
503765;New and sunny apartment at Sagrada Familia;2484443;Jordi;Eixample;la Dreta de l'Eixample;41.39731;2.17234;Entire home/apt;150;6;74;09/14/2019;0.85;1;44
504653;Double bed in Plaza Espa?a;2488904;Luis Y Jose Luis;Sants-Montju?c;la Font de la Guatlla;41.36985;2.14287;Private room;35;2;374;09/10/2019;4.25;3;316
504860;Double room in Plaza Espa?a;2488904;Luis Y Jose Luis;Sants-Montju?c;la Font de la Guatlla;41.37113;2.14468;Private room;35;2;355;09/12/2019;4.35;3;321
507074;Lovely & Sunny apartment in Center ;2042948;Lucia;Ciutat Vella;Sant Pere, Santa Caterina i la Ribera;41.38639;2.18358;Private room;53;2;360;08/28/2019;4.11;1;133
507667;HabitaciÛn cerca sagrada familia-2;2176121;Rosa Mar?≠a;Eixample;el Fort Pienc;41.39625;2.18191;Private room;60;3;84;07/28/2019;1.12;2;30
507972;House with pool in Heart Gracia! ;2303967;Anna;Gr?cia;la Vila de Gr?cia;41.40764;2.15373;Entire home/apt;500;5;53;08/26/2019;0.71;1;98
508212;Central Atico Apartment with Private Terrace;2504689;Carolina;Eixample;l'Antiga Esquerra de l'Eixample;41.39112;2.1561;Entire home/apt;138;4;62;08/26/2019;0.7;1;54
508685;Single room in Plaza Espa?a;2488904;Luis Y Jose Luis;Sants-Montju?c;la Font de la Guatlla;41.36957;2.14463;Private room;25;2;291;09/09/2019;3.52;3;309
509048;BIG OFFER!! ROOM PARK GUELL-20 eurs;885134;Maite;Gr?cia;el Coll;41.41676;2.14768;Private room;25;4;16;08/06/2014;0.18;4;192
510923;Lovely Penthouse in Barcelona;2517389;Sara;Sant Andreu;el CongrÈs i els Indians;41.42255;2.18061;Entire home/apt;140;3;23;08/14/2017;0.3;2;15
511739;sfp1 NEW 2 BEDROOM APARTMENT SAGRADA FAMILIA;1447144;Acomodis Apartments;Eixample;la Sagrada Familia;41.40238;2.17082;Entire home/apt;85;1;7;09/03/2019;0.08;82;363
512368;COZY & SUNNY ROOM;1687383;Juanmi;Ciutat Vella;el Raval;41.37564;2.17001;Private room;30;13;42;04/30/2019;0.5;2;312
512666;BCN-RENTALS RAMBLA 4, just 7-10 min to Ramblas;488117;David Y Maria;Ciutat Vella;el Raval;41.3792;2.16749;Entire home/apt;210;6;60;07/19/2019;0.76;6;250
512737;BCN-RENTALS RAMBLA 3, just 10 min to Ramblas;488117;David Y Maria;Ciutat Vella;el Raval;41.37733;2.16635;Entire home/apt;140;6;18;08/09/2019;0.24;6;244
513825;Three Bedroom Apartment Sagrada Familia - S3;1093718;Alexey;Eixample;el Fort Pienc;41.39954;2.17465;Entire home/apt;250;2;42;07/30/2019;0.49;11;244
514572;ENJOY BARCELONA IN A HUGE APARTMENT;2534420;Roser;Eixample;la Nova Esquerra de l'Eixample;41.37989;2.14472;Entire home/apt;172;2;71;08/09/2019;1.45;1;281
515724;Double Room / Marina & Beach;2540353;Josep M¬?;Sant MartÌ;el Parc i la Llacuna del Poblenou;41.39497;2.18936;Private room;38;3;139;08/26/2019;1.8;1;328
515729;Stay close to Sagrada Family temple;2540372;Antonio;Eixample;la Sagrada Familia;41.40574;2.17556;Private room;68;3;7;06/09/2019;0.18;1;365
516102;Barcelona International Stop !!!;1332544;Ramon;Eixample;la Nova Esquerra de l'Eixample;41.38083;2.14678;Private room;49;2;55;07/20/2019;0.65;1;43
516340;Paseo de Gracia/Plaza Catalunya I;674212;Juanmi;Eixample;la Dreta de l'Eixample;41.39033;2.16812;Entire home/apt;165;2;64;02/05/2018;0.73;8;168
517407;Luxury Apartment Sagrada Familia;1093718;Alexey;Eixample;el Fort Pienc;41.3994;2.17722;Entire home/apt;234;2;75;08/17/2019;0.86;11;224
518247;Ideal apartment in central;2551150;Juan Maria;Eixample;Sant Antoni;41.37714;2.16209;Entire home/apt;135;2;50;08/22/2017;0.59;1;339
519566;Comfy double room Barcelona Center;1206797;Juan Miguel;Ciutat Vella;el Barri G?tic;41.3811;2.17891;Private room;40;2;32;05/10/2019;0.37;1;322
519631;Great location 1870¬¥s charming home;1009636;Charles;Eixample;la Dreta de l'Eixample;41.3934;2.17302;Entire home/apt;198;1;403;09/09/2019;5.31;1;281
520389;Great Design apartment in Barcelona center;1432835;Angel;Eixample;l'Antiga Esquerra de l'Eixample;41.38853;2.15928;Entire home/apt;150;3;185;09/02/2019;2.12;38;68
521605;Beautiful space city center. Born. Wifi Takeaway.;2565364;Mon;Ciutat Vella;Sant Pere, Santa Caterina i la Ribera;41.38382;2.17995;Private room;76;1;553;08/26/2019;6.27;2;46
522705;MODERN FLAT. BARCELONA CENTER;2570705;Pilar;Eixample;la Dreta de l'Eixample;41.39672;2.16975;Entire home/apt;81;4;115;08/31/2019;1.57;1;259
522987;Room,  Bikes and views! DOBLE;1697782;JÛse;Eixample;el Fort Pienc;41.39968;2.1817;Private room;18;3;227;09/05/2019;2.59;3;8
524582;Lovely Loft in Gothic Barcelona;1968590;Manel;Ciutat Vella;el Barri G?tic;41.38048;2.18022;Entire home/apt;50;31;103;07/16/2018;1.18;2;340
